2024-11-28T11:32:33.925Z,En cours,Je suis très motivé,Convention.pdf
2024-11-28T11:32:33.927Z,Refusé,Je suis très motivé,Convention.pdf
2024-11-28T11:32:33.927Z,En cours,Je suis très motivé,Convention.pdf
2024-11-28T11:32:33.927Z,En cours,Je suis très motivé,Convention.pdf
2024-11-28T11:32:33.927Z,Accepté,Je suis très motivé,Convention.pdf
2024-11-28T11:32:33.927Z,Manque document,Je suis très motivé,Convention.pdf
2024-11-28T11:32:33.927Z,En attente,Je suis très motivé,Convention.pdf
2024-11-28T11:32:33.927Z,Accepté,Je suis très motivé,Convention.pdf
2024-11-28T11:32:33.927Z,En cours,Je suis très motivé,Convention.pdf
2024-11-28T11:32:33.927Z,En attente,Je suis très motivé,Convention.pdf
2024-11-28T11:32:33.927Z,En cours,Je suis très motivé,Convention.pdf
2024-11-28T11:32:33.927Z,Manque document,Je suis très motivé,Convention.pdf
2024-11-28T11:32:33.927Z,En cours,Je suis très motivé,Convention.pdf
2024-11-28T11:32:33.927Z,Accepté,Je suis très motivé,Convention.pdf
2024-11-28T11:32:33.927Z,Manque document,Je suis très motivé,Convention.pdf